id	frequency	board	fill	hasQR
0053ec4563fb7324591ab128c3c89949	4058	Kw,Pw,Rb,Bw,Qb,Pb,Rw,Pw,Kb,,,,,,,Pb,Pb,,,,,,,Qb,Nw,,,Qb,Qb,,,Bw,Bb,,,Qb,Qb,,,Rb,Qw,,,,,,,Pw,Pw,,,,,,,Qw,Qb,Pw,Nb,Bb,Kw,Pb,Nw,Qb	darkGray	0
012b403649a58fdb0df2a375f4e9bcf6	2387	Rb,Qb,Bw,Rb,Pw,Qw,Bb,Rb,Nw,,,,,,,Nw,Qb,,,,,,,Bb,Kw,,,Pb,Pb,,,Kw,Rw,,,Pb,Pb,,,Pw,Nb,,,,,,,Nb,Qw,,,,,,,Bw,Rw,Pb,Rw,Bb,Qw,Pw,Rb,Qw	lightRed	0
0316cc4d1571a68f459d5a10aa245700	2460	Pw,Qb,Bw,Rw,Pb,Qw,Bb,Qb,Rb,,,,,,,Pw,Bw,,,,,,,Qw,Qw,,,,,,,Bb,Pw,,,,,,,Rw,Rw,,,,,,,Pb,Bb,,,,,,,Kb,Nw,Nb,Pw,Kb,Bw,Nw,Pb,Kb	lightRed	0
03ec5205778d49b5f95a61437afe77b4	191	Qw,Rb,Nw,Qw,Kb,Pw,Nb,Rb,Rb,,,,,,,Kw,Bw,,,,,,,Bb,Qb,,,,,,,Nb,Pb,,,,,,,Pw,Rw,,,,,,,Kb,Bb,,,,,,,Bw,Rw,Kb,Pb,Nb,Bw,Kw,Pw,Qb	lightGray	0
04d693eae197635f687997391972a7ea	69	Bw,Nb,Pw,Kb,Bw,Nw,Pb,Bw,Nw,,,,,,,Nb,Pb,,,,,,,Qw,Kb,,,Nw,Nw,,,Kw,Bw,,,Nw,Nw,,,Rw,Nb,,,,,,,Nw,Pw,,,,,,,Qb,Nw,Bb,Rw,Kb,Qw,Nw,Rb,Nb	lightGray	0
058a745aa4740c625363d7fae9ee703c	100	Rb,Rb,Nw,Qw,Kb,Rw,Nb,Rb,Nb,,,,,,,Qb,Pw,,,,,,,Pb,Kb,,,,,,,Rb,Bw,,,,,,,Bw,Rw,,,,,,,Qw,Pb,,,,,,,Pw,Rw,Nw,Bb,Kb,Pb,Nb,Bw,Kb	lightRed	0
09d8508656d8b650a06ad309b77311c1	3517	Rb,Nb,Bw,Kb,Pb,Nw,Bb,Rw,Pb,,,,,,,Pb,Kb,,,,,,,Qb,Qw,,,,,,,Bw,Nb,,,,,,,Nb,Pw,,,,,,,Pw,Kw,,,,,,,Qw,Qb,Rw,Kw,Qw,Nb,Rb,Pw,Kw	lightRed	0
0d65ef7629e71db56a492eaf103c22e4	2881	Bw,Bb,Nw,Pb,Kb,Bw,Rb,Pw,Pb,,,,,,,Nb,Rw,,,,,,,Qw,Bw,,,,,,,Kw,Kb,,,,,,,Rw,Pw,,,,,,,Nw,Nb,,,,,,,Qb,Qb,Kw,Bb,Nb,Pw,Kb,Qw,Rb	lightGray	0
0da74ca0ac56ecbd4c4e9f51083fe138	2966	Pb,Rw,Bb,Qw,Pw,Nb,Bw,Rw,Bw,,,,,,,Qw,Qb,,,,,,,Nb,Pb,,,,,,,Rw,Rw,,,,,,,Kw,Bb,,,,,,,Qb,Qw,,,,,,,Nw,Kb,Nw,Qb,Kb,Rb,Nb,Bw,Qb	darkRed	0
0db35de764f9f6753086ca78c58ee898	445	Rw,Qw,Nb,Rb,Kb,Qb,Nw,Rw,Nb,,,,,,,Pw,Pw,,,,,,,Qw,Kb,,,,,,,Bw,Bw,,,,,,,Rb,Nw,,,,,,,Pb,Pb,,,,,,,Qb,Rb,Bw,Kb,Pb,Nw,Bb,Kw,Qb	lightRed	0
0f4912631784c7507b2c0a60d480cb2d	3615	Bb,Rw,Nb,Qb,Kw,Pb,Nw,Kb,Kb,,,,,,,Bb,Pb,,,,,,,Kw,Nw,,,,,,,Pb,Bb,,,,,,,Nw,Kw,,,,,,,Bw,Pw,,,,,,,Kb,Nw,Nb,Bw,Kw,Pw,Rw,Bb,Kw	lightRed	0
113bf52cbd17c003ea292800859e30e7	2546	Rb,Kw,Qb,Nb,Rw,Kb,Qw,Kb,Kb,,,,,,,Pw,Pb,,,,,,,Nb,Nb,,,Nw,Nw,,,Bw,Bw,,,Nw,Nw,,,Kb,Kw,,,,,,,Rb,Pw,,,,,,,Nw,Kw,Qb,Kw,Rw,Nb,Bw,Kb,Rw	lightGray	0
113d9140fb07123fd660227ba245f17a	299	Pw,Bb,Rw,Kb,Qw,Nw,Rb,Pw,Rw,,,,,,,Nw,Pb,,,,,,,Pb,Qw,,,,,,,Qw,Nb,,,,,,,Bb,Rb,,,,,,,Nb,Pw,,,,,,,Pw,Qb,Pw,Rb,Bw,Qb,Pb,Rw,Bw	lightGray	0
118c20728fa6dc2327dddffd6b3f3d8c	3376	Rw,Qb,Nw,Rw,Kw,Qw,Nb,Nb,Kw,,,,,,,Nb,Rw,,,,,,,Pw,Nb,,,Nb,Nb,,,Kb,Bw,,,Nb,Nb,,,Bw,Kb,,,,,,,Nw,Rb,,,,,,,Pb,Kw,Pb,Kb,Bb,Nw,Pw,Kw,Qb	darkGray	0
11929db5935606b215eeb843a09305c6	1148	Rb,Qw,Pw,Rw,Bb,Qb,Pb,Kb,Kb,,,,,,,Rw,Qw,,,,,,,Kw,Bb,,,,,,,Bw,Rw,,,,,,,Nb,Kw,,,,,,,Pb,Qb,,,,,,,Kb,Nw,Kb,Qw,Nw,Rb,Kw,Qb,Kw	lightRed	0
1341f188b4e9c8055dba774ed94a408b	1295	Qw,Kw,Pw,Nw,Bb,Kb,Pb,Pb,Rw,,,,,,,Rw,Nb,,,,,,,Kw,Qb,,,Pb,Pb,,,Qw,Kw,,,Pb,Pb,,,Nb,Rb,,,,,,,Rb,Nw,,,,,,,Pw,Qw,Rw,Bb,Qw,Pw,Rb,Bw,Qw	lightRed	0
14a32bc8d04cd4ad35dd5631a7b057bb	1131	Nb,Bb,Qw,Pw,Rb,Bw,Qb,Qw,Rb,,,,,,,Qw,Kb,,,,,,,Bb,Qw,,,,,,,Rb,Nb,,,,,,,Pw,Rw,,,,,,,Qb,Pb,,,,,,,Bw,Qb,Pb,Kb,Bw,Nb,Pw,Kw,Pb	lightGray	0
17571a374caf37c183726094919d661d	390	Nw,Nw,Qb,Kb,Rb,Nb,Bw,Rb,Qb,,,,,,,Kw,Nw,,,,,,,Rw,Rb,,,Nw,Nw,,,Nb,Pw,,,Nw,Nw,,,Qw,Qw,,,,,,,Kb,Bb,,,,,,,Rb,Qb,Bb,Kw,Pb,Nw,Bw,Kb,Qw	darkRed	0
186332c89db649fcfde5a36e4cd4b2dc	60	Rb,Bw,Nb,Pw,Kw,Bb,Nw,Rw,Pb,,,,,,,Rb,Qb,,,,,,,Nw,Bb,,,Pw,Pw,,,Qb,Rw,,,Pw,Pw,,,Kw,Pw,,,,,,,Rw,Qw,,,,,,,Nb,Nb,Kb,Pb,Nb,Bw,Kw,Pw,Nw	lightRed	0
18ab2508a2d8d77dd6ee8915b378d8f5	451	Kb,Kb,Qw,Nb,Rw,Kw,Qb,Kw,Pw,,,,,,,Pw,Kw,,,,,,,Rb,Bw,,,Pb,Pb,,,Bb,Nb,,,Pb,Pb,,,Qw,Pb,,,,,,,Pb,Qb,,,,,,,Rw,Kb,Bw,Rb,Kw,Qb,Nb,Rw,Kb	darkGray	1
19b7f06c5bd45bc083c5b28de5fb5de9	3236	Qw,Pb,Qb,Bw,Nb,Pw,Qw,Bb,Nb,,,,,,,Pb,Rw,,,,,,,Qb,Kb,,,Qb,Qb,,,Bw,Qw,,,Qb,Qb,,,Rb,Nw,,,,,,,Pw,Rb,,,,,,,Qw,Pw,Nw,Qb,Kb,Rb,Nb,Qw,Bw	lightGray	0
1b489660166355c98e7c30207680e560	92	Pb,Nb,Pw,Kw,Bb,Nw,Pb,Rw,Rb,,,,,,,Kw,Kb,,,,,,,Rw,Qw,,,Nb,Nb,,,Nw,Nb,,,Nb,Nb,,,Qb,Rw,,,,,,,Kb,Kw,,,,,,,Rb,Kw,Bb,Qw,Pb,Nw,Bw,Kb,Rb	lightGray	1
1c5d5dfe93763c27692655797d88a3dd	3856	Kw,Nw,Bb,Qw,Pw,Nb,Bw,Pb,Rw,,,,,,,Nb,Pb,,,,,,,Bw,Qb,,,,,,,Kb,Bw,,,,,,,Pb,Rb,,,,,,,Nw,Kb,,,,,,,Qb,Qw,Bb,Rw,Pb,Qb,Bw,Nb,Kw	darkRed	0
1ec469d309fdbf9878c3de9e0468ce67	3178	Nb,Nb,Bw,Kw,Pw,Nw,Bb,Kw,Bb,,,,,,,Bb,Kw,,,,,,,Kw,Pw,,,,,,,Pw,Nb,,,,,,,Nb,Bw,,,,,,,Bw,Kb,,,,,,,Kb,Rw,Rw,Nb,Qb,Kw,Rb,Bw,Qb	darkRed	1
20c6a170a342f31bef1ce0ac510967f4	1798	Pw,Nb,Rw,Kw,Qb,Nw,Rb,Kw,Rw,,,,,,,Bb,Bb,,,,,,,Qw,Kw,,,Bw,Bw,,,Pb,Pw,,,Bw,Bw,,,Rw,Rb,,,,,,,Bw,Bw,,,,,,,Qb,Bw,Bb,Nw,Pb,Kb,Bw,Nb,Kb	lightGray	0
248b763831f62e1ac404aa3f6703c388	1519	Pw,Rw,Pb,Qw,Bb,Rb,Pw,Rw,Pw,,,,,,,Pw,Kw,,,,,,,Qw,Bb,,,Qw,Qw,,,Bw,Nw,,,Qw,Qw,,,Rb,Pb,,,,,,,Pb,Kb,,,,,,,Qb,Bb,Kb,Pb,Nw,Bb,Kw,Pw,Kw	lightGray	0
24da127d75110ef3f15632b02a24c58c	2039	Kb,Rw,Pb,Qw,Bb,Rb,Pw,Nw,Kw,,,,,,,Qw,Rw,,,,,,,Nb,Nb,,,,,,,Rw,Qw,,,,,,,Kw,Kb,,,,,,,Qb,Rb,,,,,,,Bw,Rb,Rw,Bb,Qb,Pb,Rb,Bw,Kb	lightGray	0
24e24caab66daf6dacdffbe904593bdb	1639	Pw,Kb,Bw,Nw,Pb,Kw,Bb,Kw,Bb,,,,,,,Qb,Qw,,,,,,,Nw,Pw,,,,,,,Rw,Rb,,,,,,,Kw,Bw,,,,,,,Qw,Qb,,,,,,,Nb,Qb,Rw,Kw,Qw,Nb,Rb,Kb,Rw	darkRed	0
28a48ec35cd6a0717e1089f76d199166	1458	Pb,Pw,Nb,Bb,Kw,Pb,Nw,Bb,Pw,,,,,,,Kw,Rb,,,,,,,Qb,Bw,,,Pb,Pb,,,Nw,Qb,,,Pb,Pb,,,Rb,Pb,,,,,,,Kb,Rw,,,,,,,Qw,Kb,Pw,Qw,Bw,Rb,Pb,Qb,Rw	lightGray	0
29a13884ba42da96463bc4c6e2024ce7	3154	Bw,Rw,Kw,Qw,Nb,Rb,Kb,Bw,Qw,,,,,,,Nb,Kb,,,,,,,Rw,Rw,,,,,,,Kb,Bb,,,,,,,Qw,Qb,,,,,,,Nw,Pb,,,,,,,Rb,Pw,Qb,Bw,Rw,Pb,Qw,Bb,Rw	lightRed	0
2afd02a8abdac460d0d961c0462c1f5a	306	Rb,Kw,Bb,Nw,Pb,Kb,Bw,Kw,Qw,,,,,,,Bw,Kb,,,,,,,Nb,Rw,,,Rw,Rw,,,Pw,Nb,,,Rw,Rw,,,Kw,Bb,,,,,,,Bb,Kw,,,,,,,Nw,Kw,Bb,Nw,Pw,Kw,Bw,Nb,Rw	lightRed	0
2becec80caefb27fdeeac82f23323e1a	3196	Kb,Nw,Rb,Kb,Qw,Bb,Rw,Nw,Nw,,,,,,,Pw,Pb,,,,,,,Qw,Kb,,,Kb,Kb,,,Bb,Bw,,,Kb,Kb,,,Rw,Nb,,,,,,,Pb,Pw,,,,,,,Qb,Bw,Rw,Pb,Qb,Bw,Rb,Pw,Pb	darkRed	0
2cf35a487ea5a111a89ca2e88e3c604f	818	Kw,Kw,Pw,Nw,Bb,Kb,Pb,Pb,Qw,,,,,,,Rb,Bb,,,,,,,Bw,Rw,,,,,,,Kw,Pb,,,,,,,Pw,Qb,,,,,,,Rw,Bw,,,,,,,Bb,Bb,Pb,Nw,Qw,Kb,Pw,Nb,Nb	darkRed	0
2fd31b1418063f0d577f87d64367afb7	2882	Nw,Qb,Bw,Rw,Pb,Qw,Bb,Bb,Nb,,,,,,,Bb,Rw,,,,,,,Nw,Kb,,,Pb,Pb,,,Pw,Qw,,,Pb,Pb,,,Kw,Nw,,,,,,,Bw,Rb,,,,,,,Nb,Bw,Bb,Qw,Pw,Rb,Bw,Kb,Bw	lightRed	0
32de01a1c6e231d8c2aa7ad0426b271f	4037	Bw,Bw,Nb,Pw,Kw,Qb,Nw,Nw,Kw,,,,,,,Kw,Qb,,,,,,,Pw,Nw,,,Rw,Rw,,,Nb,Rb,,,Rw,Rw,,,Bw,Kb,,,,,,,Kb,Qw,,,,,,,Pb,Pw,Nb,Rw,Kb,Qw,Nw,Rb,Rw	lightGray	0
32df93254705598e9404ec901d07043c	2457	Rw,Pb,Nw,Bw,Kb,Pw,Nb,Qb,Rw,,,,,,,Rw,Kw,,,,,,,Nb,Qb,,,,,,,Qb,Nw,,,,,,,Kw,Rb,,,,,,,Rb,Kb,,,,,,,Nw,Qb,Kw,Bb,Nw,Pb,Kb,Bw,Rw	darkRed	0
337b3d40c3feaad1a34ded59450c248f	1072	Pb,Rw,Bb,Qb,Pb,Rb,Bw,Kw,Pw,,,,,,,Pw,Rb,,,,,,,Nb,Bw,,,,,,,Bw,Qb,,,,,,,Kb,Pb,,,,,,,Pb,Rw,,,,,,,Nw,Bw,Kb,Bw,Nb,Pw,Kw,Bb,Bw	lightRed	0
341f474398f4a43de07a4508add8c928	1812	Qw,Nb,Pw,Kw,Bb,Nw,Pb,Nb,Nw,,,,,,,Bb,Rb,,,,,,,Rw,Kb,,,Nw,Nw,,,Pw,Qw,,,Nw,Nw,,,Qw,Nb,,,,,,,Bw,Pw,,,,,,,Rb,Bw,Kw,Rw,Nb,Qw,Pw,Rb,Nb	darkRed	0
342c424f8851c7d61d2f3449a438a756	3164	Pb,Rb,Kb,Qw,Nb,Pw,Kw,Pb,Kb,,,,,,,Rb,Qw,,,,,,,Pw,Nb,,,Bb,Bb,,,Qw,Rw,,,Bb,Bb,,,Bb,Kw,,,,,,,Rw,Qb,,,,,,,Kw,Qb,Pw,Nb,Qb,Kw,Pb,Nw,Qw	lightGray	0
35a751d2b4927701e8f76eedf09766f4	1364	Pw,Rb,Nw,Qb,Kw,Rw,Nb,Qb,Pw,,,,,,,Kb,Nb,,,,,,,Bw,Bb,,,,,,,Nw,Kw,,,,,,,Pb,Pb,,,,,,,Kw,Nw,,,,,,,Bb,Rb,Rb,Bw,Qw,Pw,Rw,Bb,Qb	lightRed	0
366ca45654457af248d9a6a0c54b8de1	3880	Rb,Rw,Nb,Qb,Kw,Rb,Nw,Kb,Nb,,,,,,,Nw,Pw,,,,,,,Qb,Kw,,,,,,,Kb,Bb,,,,,,,Rb,Nw,,,,,,,Nb,Pb,,,,,,,Qw,Kw,Qw,Kb,Rb,Nw,Qb,Kw,Kb	lightRed	0
369c37e8f4925b9ac8d893c9b18042ab	369	Bb,Qw,Nb,Rw,Kw,Qb,Nw,Rb,Nw,,,,,,,Qw,Rb,,,,,,,Kb,Kw,,,,,,,Rw,Qb,,,,,,,Nb,Nb,,,,,,,Bb,Rw,,,,,,,Kw,Pw,Pw,Kw,Bb,Nw,Pb,Qb,Kw	darkGray	0
3747d1d739d2b83e4e7a54e2ba4f613d	3195	Kw,Bw,Kb,Pb,Nw,Qb,Kw,Kb,Bw,,,,,,,Rb,Qb,,,,,,,Nw,Pw,,,,,,,Qb,Rb,,,,,,,Kw,Bb,,,,,,,Rw,Qw,,,,,,,Nb,Pw,Pb,Qb,Bw,Rb,Pw,Qw,Rw	lightGray	0
37afd1ee4337455fbeaf7d60b9ed077e	3979	Kw,Rw,Pb,Qb,Bw,Rb,Pw,Pb,Rb,,,,,,,Kw,Kb,,,,,,,Pw,Qw,,,,,,,Nb,Nb,,,,,,,Bw,Rw,,,,,,,Kb,Kw,,,,,,,Pb,Pb,Bw,Kb,Pw,Nb,Bb,Kw,Qb	darkGray	0
38525398d220fc9914671f07fa4fb679	1910	Qw,Kw,Bb,Nb,Pw,Kb,Bw,Kb,Bb,,,,,,,Bb,Qw,,,,,,,Nw,Pw,,,,,,,Pw,Rb,,,,,,,Kw,Bw,,,,,,,Bw,Kb,,,,,,,Nb,Pb,Qb,Bw,Rw,Pb,Qw,Bb,Pw	darkGray	0
38dcf89af7407d7b87ea2baf1b4f78fb	264	Bw,Qb,Kw,Rb,Nw,Qw,Kb,Qw,Qb,,,,,,,Nb,Bw,,,,,,,Qw,Rw,,,,,,,Kb,Pb,,,,,,,Rb,Qw,,,,,,,Nw,Bb,,,,,,,Qb,Nw,Kb,Rb,Bb,Qw,Kw,Rw,Kw	lightGray	0
3a42f606c224f4db9ee090e2fbff62f3	1415	Bb,Nw,Rb,Kw,Qb,Nb,Pw,Rw,Nw,,,,,,,Qb,Pb,,,,,,,Kw,Kw,,,,,,,Rw,Bb,,,,,,,Nb,Nb,,,,,,,Qw,Pw,,,,,,,Pw,Rw,Nw,Pb,Kb,Bw,Nb,Pw,Bb	darkRed	0
3ad507b9a946cbbf682f0c22c83f724b	101	Bw,Bb,Kw,Pw,Nb,Bw,Qb,Kb,Rb,,,,,,,Qb,Kb,,,,,,,Nw,Qw,,,,,,,Pw,Nb,,,,,,,Kw,Rw,,,,,,,Qw,Kw,,,,,,,Nb,Pw,Pw,Qw,Bw,Rb,Pb,Qb,Rb	darkRed	0
3bac2c2c2816747f672a1076521921fd	1716	Bw,Nb,Bw,Kw,Pw,Nw,Bb,Pw,Rw,,,,,,,Qb,Kw,,,,,,,Bw,Qb,,,Pb,Pb,,,Rw,Nw,,,Pb,Pb,,,Pb,Rb,,,,,,,Qw,Kb,,,,,,,Bb,Nb,Qw,Nb,Rb,Kb,Qb,Nw,Nb	darkGray	0
3ccad9aee87c75eb2fca4034ee3a0bd7	1181	Rw,Nw,Pb,Kb,Bw,Nb,Pw,Nb,Bb,,,,,,,Pb,Qw,,,,,,,Nw,Pb,,,,,,,Qw,Rw,,,,,,,Kb,Bw,,,,,,,Pw,Qb,,,,,,,Nb,Rb,Kw,Qb,Nb,Rw,Kb,Qw,Rb	darkRed	1
3ce11ea1667b2b975997186461d9c26a	2734	Nb,Bw,Nb,Pw,Kw,Bb,Nw,Qw,Qb,,,,,,,Pw,Pb,,,,,,,Kw,Nb,,,,,,,Bw,Bw,,,,,,,Nb,Kw,,,,,,,Pb,Pw,,,,,,,Kb,Pb,Qb,Bw,Rb,Pw,Kw,Bb,Pw	darkGray	0
3d29e522d92995373f516c844bb14e18	1235	Rb,Pw,Nb,Bb,Kw,Pb,Nw,Bw,Qb,,,,,,,Kw,Pb,,,,,,,Rw,Rb,,,,,,,Nb,Bw,,,,,,,Qw,Qw,,,,,,,Kb,Pw,,,,,,,Rb,Rb,Qb,Nw,Rw,Kw,Qw,Nb,Nb	lightGray	0
3d7caee13d721937b91f3d8d83b8bc42	1915	Qw,Qb,Bw,Rw,Pb,Qw,Bb,Pw,Rw,,,,,,,Qb,Nb,,,,,,,Nw,Qb,,,,,,,Rb,Kw,,,,,,,Kb,Rb,,,,,,,Qw,Nw,,,,,,,Nb,Nw,Nw,Bb,Kw,Pw,Nb,Bw,Kb	darkGray	0
41897e56ebd2bb13d6d97521744989b3	397	Pw,Qb,Kw,Rw,Nb,Qw,Kb,Rw,Qw,,,,,,,Qw,Nb,,,,,,,Bb,Rb,,,,,,,Rb,Kb,,,,,,,Pw,Qb,,,,,,,Qb,Nw,,,,,,,Bw,Kw,Nw,Rb,Kb,Qw,Nb,Rw,Kw	darkGray	0
4238bca9b2ffc6c6e81dec8f4f3024ed	2969	Qb,Kw,Bb,Nw,Pb,Kb,Bw,Nb,Qb,,,,,,,Nw,Kw,,,,,,,Bb,Rw,,,Rw,Rw,,,Kw,Nb,,,Rw,Rw,,,Pw,Qw,,,,,,,Nb,Kb,,,,,,,Bw,Bw,Kw,Bb,Nb,Pw,Qb,Bw,Bb	lightGray	0
476476937cd2b98f2b2cd1899e7ff159	309	Kb,Bb,Nw,Pb,Kb,Bw,Nb,Rw,Pb,,,,,,,Nb,Qb,,,,,,,Pw,Bw,,,Bb,Bb,,,Kw,Nb,,,Bb,Bb,,,Bb,Pw,,,,,,,Rw,Kw,,,,,,,Pb,Bw,Pb,Bw,Kw,Pw,Nw,Bb,Rb	darkGray	0
4b7de9cf0a609bf50801dee4be8712a6	315	Bb,Kb,Bw,Nb,Pw,Kw,Bb,Qb,Rb,,,,,,,Pb,Pw,,,,,,,Qb,Qb,,,,,,,Bw,Bw,,,,,,,Rb,Rw,,,,,,,Pw,Pb,,,,,,,Qw,Nw,Pw,Nb,Bw,Kb,Pb,Nw,Pb	darkRed	0
4c7ca7196aa8a599095d15b579798cbc	977	Rw,Qw,Kb,Rb,Nw,Qb,Kw,Rw,Qw,,,,,,,Rw,Nb,,,,,,,Rw,Rw,,,,,,,Rw,Pb,,,,,,,Rw,Qb,,,,,,,Rw,Nw,,,,,,,Rw,Qw,Nb,Qw,Kb,Rb,Bw,Qb,Rw	darkGray	0
4d63d9630dad4102191c01c4b4aa5f3a	1193	Bb,Bb,Nw,Pb,Kb,Bw,Rb,Nb,Bw,,,,,,,Bw,Rb,,,,,,,Kb,Pb,,,,,,,Pw,Qb,,,,,,,Nb,Bb,,,,,,,Bb,Rw,,,,,,,Kw,Kw,Rw,Pb,Qb,Bw,Rb,Pw,Qb	lightRed	0
4dc58916fc3a3e01d7895cb2380a8a93	1028	Bb,Nw,Pb,Kb,Bw,Nb,Pw,Pw,Nb,,,,,,,Kw,Bw,,,,,,,Rw,Kw,,,,,,,Nb,Pw,,,,,,,Qw,Nw,,,,,,,Kb,Bb,,,,,,,Rb,Pw,Rw,Pb,Qb,Bw,Rb,Pw,Nb	darkRed	1
4f2dcc4204b013af1cc48490fc21c25c	3302	Nw,Kw,Bb,Nw,Rb,Kb,Bw,Pb,Bb,,,,,,,Kw,Qw,,,,,,,Rw,Pb,,,,,,,Nb,Nw,,,,,,,Qw,Bw,,,,,,,Kb,Qb,,,,,,,Rb,Pw,Bb,Qw,Pw,Rb,Bw,Qb,Rw	darkRed	1
4f75bc547ddd7a31f8c51ba4300f7dfd	1445	Rb,Pb,Qb,Bb,Rw,Pw,Qw,Rw,Bw,,,,,,,Bw,Qb,,,,,,,Kb,Kw,,,Rw,Rw,,,Pb,Rw,,,Rw,Rw,,,Nw,Bb,,,,,,,Bb,Qw,,,,,,,Kw,Rw,Bb,Kw,Pb,Nw,Bw,Kb,Kw	lightRed	0
4fe2c3cc1dd40da597aebf99cc3c74f2	846	Kb,Rw,Nb,Qw,Kb,Rb,Nw,Kw,Bw,,,,,,,Kb,Kb,,,,,,,Pb,Pw,,,Nb,Nb,,,Nw,Nb,,,Nb,Nb,,,Bb,Bb,,,,,,,Kw,Kw,,,,,,,Pw,Rb,Qw,Pw,Rb,Bw,Qb,Pb,Pw	lightRed	0
512ad3a33f4536884182d509d253e208	4066	Rw,Rb,Nw,Qb,Kw,Rw,Nb,Nb,Nw,,,,,,,Rb,Pb,,,,,,,Nw,Kw,,,,,,,Qw,Bb,,,,,,,Kb,Nb,,,,,,,Rw,Pw,,,,,,,Nb,Rw,Rb,Kb,Qb,Nw,Rw,Kw,Qb	darkRed	0
5553cf9b94afddae3693bd0f9e70d262	1152	Rw,Bb,Kw,Pb,Nw,Bw,Kb,Qw,Pb,,,,,,,Bb,Qb,,,,,,,Nw,Bw,,,,,,,Pw,Rb,,,,,,,Kw,Pw,,,,,,,Bw,Qw,,,,,,,Nb,Bw,Qb,Bw,Rb,Pw,Qw,Bb,Nb	darkRed	0
5690f13cc954be24c91fed49fa1c755c	1741	Kb,Qw,Kb,Rw,Nb,Qb,Kw,Qw,Kw,,,,,,,Rw,Bb,,,,,,,Bb,Nb,,,Pb,Pb,,,Qw,Pw,,,Pb,Pb,,,Pw,Kb,,,,,,,Nb,Bw,,,,,,,Bw,Rw,Pb,Nw,Bw,Kb,Pw,Nb,Qb	lightRed	0
57299c3ce3816729a519992a448c4ec2	3110	Qw,Kb,Bw,Nw,Pb,Kw,Bb,Nw,Pb,,,,,,,Rw,Qb,,,,,,,Bb,Bw,,,Bb,Bb,,,Qw,Nb,,,Bb,Bb,,,Pw,Pw,,,,,,,Rb,Qw,,,,,,,Bw,Kb,Qb,Nw,Rb,Kb,Qw,Nb,Bw	darkGray	0
5bee07466f99d79f7170aa69143bb9c1	3278	Bb,Pb,Qb,Bw,Rb,Pw,Qw,Pb,Pb,,,,,,,Bw,Qb,,,,,,,Nb,Bw,,,,,,,Pw,Rb,,,,,,,Kw,Pw,,,,,,,Bb,Qw,,,,,,,Nw,Rw,Bb,Kw,Rb,Nw,Qw,Kb,Pb	lightRed	0
60018c85b37ed6d74d3a9edea9449821	3375	Kb,Rb,Kb,Qw,Nb,Rw,Kw,Kw,Rw,,,,,,,Kw,Pb,,,,,,,Rw,Qw,,,,,,,Nw,Bb,,,,,,,Qb,Rb,,,,,,,Kb,Pw,,,,,,,Rb,Kw,Kb,Rb,Nb,Qw,Kw,Rw,Pw	darkRed	0
602834d2ad65b452c9e820cac200efc0	1870	Bw,Nw,Rb,Kb,Qw,Nb,Rw,Bb,Kb,,,,,,,Kb,Qw,,,,,,,Pb,Nb,,,,,,,Nw,Rw,,,,,,,Bb,Kw,,,,,,,Kw,Qb,,,,,,,Rw,Pb,Qb,Bw,Rw,Pb,Kw,Bb,Nw	darkRed	0
60930749a68b0f81ebf768e44dd66316	2125	Rw,Qb,Kw,Rb,Bw,Qw,Pw,Kb,Qb,,,,,,,Nw,Kw,,,,,,,Pb,Rb,,,,,,,Kb,Nw,,,,,,,Bw,Qw,,,,,,,Nb,Kb,,,,,,,Pw,Rb,Nb,Rw,Kw,Qb,Nw,Rb,Nb	lightGray	0
6138a816dc94f315568d5d56b5dcd4c5	889	Qw,Qw,Pw,Rb,Bw,Qb,Pb,Rb,Rb,,,,,,,Rw,Kb,,,,,,,Bb,Qb,,,,,,,Qb,Nw,,,,,,,Pb,Rw,,,,,,,Rb,Kw,,,,,,,Bw,Qw,Bw,Qb,Pw,Rb,Bb,Qw,Kw	darkGray	0
618c229b15de085d325e2d7290b11d56	2631	Pw,Kb,Pb,Nb,Bw,Kw,Pw,Pb,Pw,,,,,,,Kb,Rb,,,,,,,Rb,Bw,,,,,,,Nw,Qb,,,,,,,Qb,Pb,,,,,,,Pb,Rw,,,,,,,Rw,Rb,Bb,Kw,Pw,Rb,Bw,Kb,Qw	darkGray	0
6288cd17a427069172a30ee1c2ef1cab	77	Qw,Bb,Kw,Pb,Nw,Bw,Kb,Qb,Qb,,,,,,,Bw,Bw,,,,,,,Nb,Rb,,,,,,,Pb,Pw,,,,,,,Qb,Qw,,,,,,,Bb,Bb,,,,,,,Nw,Bw,Nb,Qw,Kb,Rb,Nw,Qb,Bw	darkRed	0
64494c82852c12cb4791b7c124bf7a95	884	Rw,Rw,Rw,Rw,Rw,Rw,Rw,Rw,Rw,,,,,,,Nw,Nb,,,,,,,Qb,Qw,,,,,,,Kb,Kb,,,,,,,Rb,Rb,,,,,,,Nb,Nw,,,,,,,Qw,Kb,Kb,Pb,Nw,Bb,Qw,Pw,Qb	lightRed	0
65addcd44d986d30bbc7b66a2df2f730	3907	Rw,Bb,Kw,Pb,Nw,Bw,Kb,Bb,Qw,,,,,,,Rb,Bb,,,,,,,Nw,Rb,,,,,,,Qw,Pw,,,,,,,Kb,Qb,,,,,,,Rw,Bw,,,,,,,Nb,Rw,Rb,Nw,Qw,Kb,Rw,Nb,Pw	darkRed	0
65ae4659f39f6bdec9108af99ddb3bb2	3976	Kb,Kb,Bw,Nb,Pw,Kw,Bb,Nb,Pb,,,,,,,Kb,Kb,,,,,,,Qw,Bw,,,,,,,Nw,Nb,,,,,,,Rb,Pw,,,,,,,Kw,Kw,,,,,,,Qb,Bb,Nb,Qw,Kw,Rw,Bw,Qb,Nw	lightRed	1
67bad305e173808d9753295fb22ab71a	2760	Nb,Nb,Pw,Kb,Bw,Nw,Pb,Pw,Nw,,,,,,,Bw,Pb,,,,,,,Qb,Kb,,,Pb,Pb,,,Pw,Bw,,,Pb,Pb,,,Rb,Nb,,,,,,,Bb,Pw,,,,,,,Qw,Rw,Rw,Rw,Rw,Rw,Rw,Rw,Rw	lightGray	0
689d36eda0bdc5f19f6857c429fc77e6	2878	Rb,Nb,Qw,Kb,Rb,Nw,Qb,Kb,Rb,,,,,,,Qw,Nw,,,,,,,Kb,Bb,,,,,,,Rb,Kw,,,,,,,Nw,Rw,,,,,,,Qb,Nb,,,,,,,Kw,Kw,Pb,Rw,Bb,Qw,Pw,Rb,Qb	lightGray	0
6d7b32bb9e652462515c9ac99dcfefbf	725	Qb,Rw,Nb,Qw,Kb,Rb,Nw,Kw,Pb,,,,,,,Kb,Qb,,,,,,,Pb,Bw,,,,,,,Nb,Rb,,,,,,,Bw,Pw,,,,,,,Kw,Qw,,,,,,,Pw,Pb,Rw,Kw,Qb,Nw,Pb,Kb,Pb	lightRed	0
6ece8159ec2674d97e010be6e7905672	236	Qw,Bb,Qw,Pb,Rw,Bw,Qb,Nw,Rb,,,,,,,Bw,Nw,,,,,,,Nb,Bb,,,,,,,Pw,Kw,,,,,,,Kw,Pw,,,,,,,Bb,Nb,,,,,,,Nw,Pw,Pb,Qb,Bw,Rb,Pw,Qw,Bw	lightRed	0
6f99497b57e200e041fc381b401c7d3b	1006	Nw,Rw,Pb,Qb,Bw,Rb,Pw,Qb,Bw,,,,,,,Nw,Qb,,,,,,,Bb,Pb,,,Rb,Rb,,,Kb,Rw,,,Rb,Rb,,,Pb,Bb,,,,,,,Nb,Qw,,,,,,,Bw,Nw,Qb,Nw,Rw,Kw,Qw,Bb,Bb	lightRed	0
72ac0cd68f6695373dfc5e196bd36149	1834	Rw,Nw,Rb,Kb,Qw,Nb,Rw,Qw,Pw,,,,,,,Kb,Rb,,,,,,,Pb,Bb,,,Nw,Nw,,,Nb,Qw,,,Nw,Nw,,,Bw,Pb,,,,,,,Kw,Rw,,,,,,,Pw,Bw,Pw,Rb,Bw,Qb,Pb,Rw,Pw	darkGray	0
735039b205a9a1eb89898135e725d314	2021	Kw,Bw,Nb,Pw,Kw,Bb,Nw,Bw,Kb,,,,,,,Bb,Qw,,,,,,,Qw,Nb,,,,,,,Pw,Rw,,,,,,,Rb,Kw,,,,,,,Bw,Qb,,,,,,,Qb,Kw,Nw,Pb,Kb,Bw,Nb,Pw,Rw	lightRed	0
742b098794f9b8995c72301a875590b9	845	Nb,Rb,Kb,Qb,Nw,Rw,Kw,Pb,Nw,,,,,,,Kb,Bb,,,,,,,Bw,Kw,,,,,,,Nw,Pw,,,,,,,Pb,Nb,,,,,,,Kw,Bw,,,,,,,Bb,Pb,Rb,Bw,Qb,Pb,Rw,Bb,Qb	lightRed	0
761af6f0e8ca234a7bcf501d48513d7e	3532	Qb,Qb,Pb,Rb,Bw,Qw,Pw,Rb,Pb,,,,,,,Bb,Rw,,,,,,,Nw,Bw,,,Rb,Rb,,,Pw,Qb,,,Rb,Rb,,,Kw,Kb,,,,,,,Bw,Rb,,,,,,,Nb,Rb,Bb,Rw,Pb,Qb,Bw,Rb,Qw	lightRed	0
772f60ad4aeb271d2c07862e25f21fc6	406	Pb,Bw,Qb,Pw,Rb,Bb,Qw,Bb,Kw,,,,,,,Nw,Pw,,,,,,,Qb,Nw,,,,,,,Kw,Bb,,,,,,,Rw,Kb,,,,,,,Nb,Pb,,,,,,,Qw,Rw,Qw,Nb,Rb,Kb,Qb,Nw,Pb	lightRed	1
7a923586bdcb87967b9030833e0f5e71	3006	Qb,Qw,Pw,Rw,Bb,Qb,Pb,Nw,Pw,,,,,,,Kw,Kw,,,,,,,Rw,Bb,,,,,,,Nb,Nw,,,,,,,Qw,Pb,,,,,,,Kb,Kb,,,,,,,Rb,Qw,Nw,Rb,Kb,Qw,Nb,Rw,Qw	darkGray	0
7ace73a39562402afab81b4fe4b5e208	1937	Kb,Kw,Qb,Nb,Rw,Kb,Qw,Bb,Pw,,,,,,,Bw,Nb,,,,,,,Nb,Bw,,,Pb,Pb,,,Pb,Kb,,,Pb,Pb,,,Kb,Rb,,,,,,,Bb,Nw,,,,,,,Nw,Pb,Nb,Bw,Kb,Pb,Nw,Qb,Rw	darkGray	0
7bb87f11d57f3181b0a005b90bb0f806	2739	Kw,Rw,Pb,Qw,Bb,Rb,Pw,Pw,Qw,,,,,,,Qw,Nb,,,,,,,Pw,Rw,,,,,,,Rw,Kw,,,,,,,Bb,Qb,,,,,,,Qb,Nw,,,,,,,Kw,Rw,Kw,Bb,Nb,Pw,Kb,Bw,Kw	darkGray	1
7c45478b0106c41866ca8fc05db189c8	2422	Rw,Nw,Bb,Qw,Pw,Nb,Bw,Nb,Qw,,,,,,,Rw,Nb,,,,,,,Kw,Rb,,,,,,,Qb,Kb,,,,,,,Nw,Qb,,,,,,,Rb,Bw,,,,,,,Kb,Qb,Nb,Qw,Kw,Rw,Nw,Qb,Bw	darkRed	0
7c51d7b7c53874a3df70549074d98ef1	609	Qw,Qw,Pw,Rb,Bw,Qb,Pb,Rw,Bb,,,,,,,Rw,Rw,,,,,,,Rw,Pb,,,Bw,Bw,,,Rw,Qb,,,Bw,Bw,,,Rw,Bw,,,,,,,Rw,Rb,,,,,,,Rw,Bb,Qb,Bw,Rw,Pb,Qw,Bb,Rw	lightGray	0
7d1a819f9914c30fc8a02b74843bd2fb	3232	Bw,Rw,Nb,Qb,Kw,Rb,Nw,Qw,Qb,,,,,,,Rb,Kw,,,,,,,Bw,Rw,,,,,,,Qw,Nb,,,,,,,Pw,Qw,,,,,,,Rw,Kb,,,,,,,Bb,Rb,Bb,Rw,Pw,Qw,Bw,Rb,Kw	lightRed	0
7d277aa5d5310fec6a6f879ea1924764	3240	Rb,Qw,Pw,Rb,Bw,Qb,Pb,Kw,Rb,,,,,,,Kb,Nw,,,,,,,Qw,Qw,,,,,,,Nb,Kb,,,,,,,Rw,Rw,,,,,,,Kw,Nb,,,,,,,Qb,Rw,Pw,Nb,Bb,Kw,Pb,Nw,Bb	darkGray	0
7d3adcc8db3a515d2277d244c330401a	2299	Pw,Qb,Bw,Nb,Pw,Qw,Bb,Kb,Rw,,,,,,,Rw,Nb,,,,,,,Kw,Qw,,,Nb,Nb,,,Qw,Kb,,,Nb,Nb,,,Nb,Rb,,,,,,,Rb,Nw,,,,,,,Kb,Kw,Nb,Pw,Kb,Bw,Nw,Pb,Bb	darkGray	0
7eebf7a4a3da881b34c11434a3d7fcdc	2920	Nw,Qw,Pw,Rb,Bw,Qb,Pb,Kw,Kb,,,,,,,Bb,Qw,,,,,,,Qw,Nb,,,Rb,Rb,,,Pb,Rw,,,Rb,Rb,,,Nw,Kw,,,,,,,Bw,Bb,,,,,,,Qb,Pw,Nw,Bb,Kb,Pb,Nb,Bw,Rw	lightRed	0
810f1c22adff66c76c851e31fcbc64d2	816	Qb,Rb,Bw,Kw,Pw,Rw,Bb,Kw,Kb,,,,,,,Bw,Bw,,,,,,,Nb,Nw,,,Rb,Rb,,,Pb,Pb,,,Rb,Rb,,,Kb,Kw,,,,,,,Bb,Bb,,,,,,,Nw,Nb,Pb,Rw,Bw,Qb,Pw,Rb,Nb	lightGray	0
8183c6391330f28255fc644a7bc7d73c	1700	Bb,Bb,Kw,Pb,Nw,Bw,Kb,Qb,Qb,,,,,,,Rw,Pb,,,,,,,Bb,Rw,,,,,,,Qw,Bb,,,,,,,Pw,Qw,,,,,,,Nb,Pw,,,,,,,Bw,Bw,Kw,Qb,Bw,Rb,Kb,Qw,Kb	lightGray	0
823318abed5a9dcfed7c796e20983bc0	3638	Kb,Nw,Rb,Kw,Qb,Nb,Rw,Kb,Kw,,,,,,,Kb,Pw,,,,,,,Bw,Nw,,,,,,,Nb,Qb,,,,,,,Pw,Kb,,,,,,,Kw,Rb,,,,,,,Bb,Bb,Qw,Nb,Rw,Kw,Qb,Nw,Pb	lightGray	1
82a4fc7396b2e54604965d6a85b9ab90	2333	Pb,Nb,Qw,Kw,Rw,Nw,Qb,Bb,Kw,,,,,,,Pb,Pw,,,,,,,Rw,Nw,,,Kb,Kb,,,Bw,Bb,,,Kb,Kb,,,Qb,Kb,,,,,,,Pw,Pb,,,,,,,Rb,Pb,Qb,Nw,Rw,Kw,Qw,Nb,Pw	darkRed	0
82f2fb5f7206424a1e32dce2061d05ca	4055	Nb,Pw,Rb,Bw,Qb,Pb,Rw,Nw,Pw,,,,,,,Qw,Qw,,,,,,,Kb,Bb,,,,,,,Pb,Rw,,,,,,,Nw,Pb,,,,,,,Bb,Qb,,,,,,,Kw,Nw,Kw,Pw,Nw,Bb,Kb,Pb,Pb	darkRed	0
8380b7612b6b3628496a39a00c2f8996	259	Rw,Pb,Nw,Bw,Kb,Pw,Nb,Kb,Pb,,,,,,,Bw,Qb,,,,,,,Qb,Bb,,,Nw,Nw,,,Pw,Rw,,,Nw,Nw,,,Nb,Pw,,,,,,,Bb,Kw,,,,,,,Kw,Kb,Bw,Qb,Pb,Rw,Bb,Qw,Qb	lightGray	0
83b3cc6e969d7f818ee7cfae0a585e64	656	Pb,Pw,Qw,Bb,Rw,Pb,Qb,Bb,Rw,,,,,,,Pb,Pb,,,,,,,Rw,Qw,,,Nb,Nb,,,Nb,Bb,,,Nb,Nb,,,Qw,Rb,,,,,,,Kb,Pw,,,,,,,Rb,Kw,Nw,Bb,Kb,Pb,Nb,Bw,Rb	lightRed	0
84f18e0b2a01e9e5150fe7d64a0da837	2763	Pw,Pw,Rb,Bw,Qb,Pb,Rw,Pw,Kb,,,,,,,Kw,Rb,,,,,,,Rw,Nb,,,Nb,Nb,,,Nw,Qw,,,Nb,Nb,,,Qb,Kw,,,,,,,Kb,Pw,,,,,,,Rb,Pb,Pb,Rw,Bb,Qw,Pw,Rb,Nb	lightRed	0
89b8ac7cd38ad6c6c09f14bb78ca001f	2722	Rw,Bb,Nw,Pw,Kw,Bw,Nb,Bw,Qw,,,,,,,Qb,Bb,,,,,,,Kw,Rb,,,,,,,Rw,Pw,,,,,,,Nb,Qb,,,,,,,Qw,Bw,,,,,,,Kb,Pw,Rw,Pb,Qb,Bw,Rb,Pw,Pw	lightRed	0
89b8fa9fc10f85d5e865d05e3e0610b9	263	Pw,Pb,Rw,Bw,Qb,Pw,Rb,Qw,Bb,,,,,,,Kw,Rw,,,,,,,Rw,Pb,,,Pb,Pb,,,Nw,Kb,,,Pb,Pb,,,Qb,Bw,,,,,,,Kb,Rb,,,,,,,Rb,Bb,Qw,Bb,Rw,Pb,Qb,Bw,Bw	lightRed	0
8b57d66e8e07447b495c1cb503c91cd6	21	Kb,Pb,Rw,Bw,Qb,Pw,Nb,Kw,Kb,,,,,,,Rw,Bw,,,,,,,Pb,Nw,,,Bb,Bb,,,Qb,Pb,,,Bb,Bb,,,Bw,Kw,,,,,,,Rb,Bb,,,,,,,Pw,Pb,Kw,Bb,Nw,Pb,Kb,Bw,Bb	lightRed	0
8c94c6b2ea4fde2fbf4883afc8ae29ed	479	Bb,Qb,Kw,Rw,Nb,Qw,Kb,Rb,Bw,,,,,,,Nb,Rb,,,,,,,Pw,Pw,,,Pb,Pb,,,Kb,Qw,,,Pb,Pb,,,Bw,Bb,,,,,,,Rw,Rw,,,,,,,Pb,Kw,Rw,Bb,Qw,Pw,Rb,Bw,Nw	lightGray	0
8ea72222782cdb4189aab503ca96c427	572	Pb,Bw,Qb,Pb,Rw,Bb,Qw,Bb,Rb,,,,,,,Kb,Bw,,,,,,,Pb,Kw,,,,,,,Nb,Pw,,,,,,,Bw,Rw,,,,,,,Kw,Bb,,,,,,,Pw,Kw,Rb,Pw,Qw,Bb,Rw,Pb,Bb	lightRed	0
95d13ac7cc237f2342e35b8287539ea5	338	Pw,Rb,Nw,Qw,Kb,Rw,Nb,Pw,Pb,,,,,,,Pw,Rw,,,,,,,Nb,Nb,,,,,,,Bb,Qw,,,,,,,Kw,Pw,,,,,,,Pb,Rb,,,,,,,Nw,Rb,Qb,Pb,Rb,Bw,Qw,Pw,Kw	darkGray	0
976bac5aeeefacc8d61570577fcd5b10	940	Bb,Kw,Bb,Nb,Pw,Kb,Bw,Pw,Nw,,,,,,,Rw,Nb,,,,,,,Bb,Bb,,,,,,,Qb,Kw,,,,,,,Pb,Rb,,,,,,,Rb,Nw,,,,,,,Bw,Pw,Nb,Pw,Kw,Bb,Rw,Pb,Pw	lightRed	0
982a083d0cbb18c38a35f8bbd61e38ad	492	Qb,Nw,Bb,Kb,Pb,Nb,Bw,Qw,Rb,,,,,,,Pw,Pw,,,,,,,Rb,Qb,,,,,,,Bb,Bw,,,,,,,Qw,Rw,,,,,,,Pb,Pb,,,,,,,Rw,Bw,Nb,Rw,Pb,Qb,Nw,Rb,Bb	darkGray	0
9a25e6b5f78bf4cd19cbda22b238e985	2353	Nw,Kb,Pb,Nb,Bw,Kw,Pw,Qw,Kw,,,,,,,Bb,Rw,,,,,,,Rw,Nb,,,Nw,Nw,,,Pw,Qw,,,Nw,Nw,,,Qw,Kb,,,,,,,Bw,Rb,,,,,,,Rb,Qw,Pw,Rb,Bw,Qb,Pb,Rw,Rb	lightGray	0
9cf0a4b09d5a7e4139bdc8b46e7e6fb8	2374	Pw,Qb,Nw,Rw,Kw,Qw,Nb,Kb,Rw,,,,,,,Bb,Pb,,,,,,,Rw,Qb,,,,,,,Pw,Bw,,,,,,,Qw,Rb,,,,,,,Bw,Pw,,,,,,,Rb,Nw,Pw,Kw,Bw,Nb,Pb,Kb,Rb	darkRed	0
9dee4f6da6f779b75cfa13c93c7d5d01	6	Nw,Nw,Rb,Kb,Qw,Nb,Rw,Bw,Bb,,,,,,,Qb,Rw,,,,,,,Kw,Pb,,,,,,,Rw,Qb,,,,,,,Nb,Nw,,,,,,,Qw,Rb,,,,,,,Kb,Bw,Nw,Pb,Kb,Bw,Nb,Rw,Nw	darkRed	0
9e7c1d55a2b09c1f90fb9cf2a025ccd4	3891	Kw,Rw,Kw,Qw,Nb,Rb,Kb,Nw,Pw,,,,,,,Qw,Kw,,,,,,,Pw,Bw,,,,,,,Rb,Rb,,,,,,,Bw,Pb,,,,,,,Qb,Qb,,,,,,,Pb,Pw,Bw,Kb,Pw,Nb,Bb,Kw,Rb	lightRed	0
9eb154073e5f6642eeb9d9a0708e080b	2553	Rw,Pw,Nb,Bw,Kb,Pb,Nw,Bb,Rw,,,,,,,Qb,Rw,,,,,,,Kw,Rw,,,,,,,Rb,Rw,,,,,,,Nw,Rw,,,,,,,Qw,Rw,,,,,,,Pw,Rw,Kw,Pw,Nw,Bb,Kb,Pb,Bw	darkRed	0
a3a96e9cc42032cb048e78508d141978	1012	Bw,Kb,Pb,Nw,Bb,Kw,Pw,Qb,Kw,,,,,,,Bb,Qb,,,,,,,Qw,Nw,,,Pb,Pb,,,Pw,Rb,,,Pb,Pb,,,Rb,Kb,,,,,,,Bw,Qw,,,,,,,Qb,Pw,Rb,Bw,Qb,Pb,Rw,Bb,Nb	darkRed	0
a5d2e608692b94e3393106881e5d964f	3201	Kw,Rw,Bb,Qb,Pb,Rb,Bw,Qw,Nb,,,,,,,Bw,Qw,,,,,,,Nb,Kb,,,,,,,Pb,Rb,,,,,,,Kb,Nw,,,,,,,Bb,Qb,,,,,,,Nw,Bw,Nb,Qw,Kw,Rw,Nw,Bb,Nw	lightRed	0
a6abb25c0af99146648d1deaf658d137	2205	Nw,Qb,Kw,Rw,Nb,Qw,Kb,Nw,Rb,,,,,,,Rw,Bw,,,,,,,Pb,Qb,,,,,,,Qb,Pb,,,,,,,Bw,Nw,,,,,,,Rb,Bb,,,,,,,Pw,Pw,Pb,Kb,Qw,Nb,Rw,Kw,Bw	darkGray	0
a6be27ee9165d28d2208d0d9a1d941ef	2100	Rb,Qb,Kw,Rw,Nb,Qw,Pw,Nw,Bb,,,,,,,Qb,Nw,,,,,,,Pb,Pb,,,,,,,Rb,Kb,,,,,,,Bw,Bw,,,,,,,Qw,Nb,,,,,,,Pw,Kw,Rb,Pw,Qb,Bw,Rw,Kw,Qb	lightGray	0
a6f0f849f02e845ffaf7a07de1e3681c	2781	Pb,Pb,Kb,Bw,Nb,Pw,Kw,Nw,Rb,,,,,,,Bw,Bw,,,,,,,Qb,Qb,,,Nb,Nb,,,Pb,Pb,,,Nb,Nb,,,Rw,Rw,,,,,,,Bb,Bb,,,,,,,Qw,Nb,Rb,Bw,Qb,Kw,Rw,Bb,Bb	lightGray	0
a9d6062f0431ff5c876db0147b46f55e	2987	Bb,Kb,Qw,Nw,Rb,Kw,Qb,Bb,Rw,,,,,,,Bw,Pb,,,,,,,Qb,Qw,,,,,,,Pb,Bb,,,,,,,Rw,Rb,,,,,,,Bb,Pw,,,,,,,Qw,Qw,Rb,Bw,Qb,Pb,Rw,Bb,Kw	lightGray	0
ac189d886e273ec2b0f69dc583128017	2275	Qb,Kb,Rb,Nw,Qb,Kw,Rw,Qw,Nw,,,,,,,Qw,Pb,,,,,,,Nb,Kb,,,Nw,Nw,,,Rw,Bw,,,Nw,Nw,,,Kw,Nb,,,,,,,Qb,Pw,,,,,,,Nw,Kb,Kb,Pb,Nb,Bw,Kw,Pw,Rb	darkGray	0
ac5c7c96d9f645d9b92fe1d063569529	2270	Rb,Qb,Kw,Rb,Nw,Qw,Kb,Bw,Nb,,,,,,,Rw,Rw,,,,,,,Kw,Kb,,,Rb,Rb,,,Qw,Qw,,,Rb,Rb,,,Nb,Nw,,,,,,,Rb,Rb,,,,,,,Kb,Qw,Nb,Qw,Kb,Rb,Nw,Bb,Rb	darkGray	0
ad36c34f3bdd50ac57a8de0aaa064054	3088	Qb,Nw,Qb,Kb,Rb,Nb,Qw,Kb,Rb,,,,,,,Kb,Nw,,,,,,,Pb,Qb,,,,,,,Nb,Kw,,,,,,,Bw,Rw,,,,,,,Qw,Bb,,,,,,,Pw,Rb,Bw,Rb,Pw,Qw,Bb,Rw,Bw	lightRed	0
ae98411e01bc8677a7ad1c720407fd00	1805	Rw,Pb,Kb,Bw,Nb,Pw,Kw,Pb,Rw,,,,,,,Pb,Rw,,,,,,,Qb,Rw,,,,,,,Bb,Rw,,,,,,,Rw,Rw,,,,,,,Pw,Rw,,,,,,,Kw,Rw,Nw,Qb,Kw,Rw,Nb,Qw,Qb	lightRed	0
b1ca0e64350f02b92adf11edc57b3c24	715	Nw,Nw,Bb,Kb,Pb,Nb,Bw,Rb,Kb,,,,,,,Pw,Qw,,,,,,,Qw,Nb,,,Rw,Rw,,,Bb,Rw,,,Rw,Rw,,,Rw,Kw,,,,,,,Pb,Qb,,,,,,,Qb,Qb,Kb,Rb,Nw,Qb,Kw,Rw,Rw	lightGray	1
b2fdd58b96b76fe71ee48f245c332100	291	Rw,Rw,Rw,Rw,Rw,Rw,Rw,Rw,Rb,,,,,,,Bw,Pw,,,,,,,Kb,Qw,,,,,,,Pw,Bb,,,,,,,Nb,Rw,,,,,,,Bb,Pb,,,,,,,Kw,Kw,Rb,Kb,Qw,Nb,Rw,Kw,Nw	lightGray	0
b3fe664160b6faa7368b1fe6d94c00af	1378	Bw,Pw,Rb,Bw,Qb,Pb,Nw,Bb,Pw,,,,,,,Qw,Rb,,,,,,,Nb,Bw,,,Nw,Nw,,,Rb,Qb,,,Nw,Nw,,,Kb,Pb,,,,,,,Bb,Nw,,,,,,,Nw,Qw,Qb,Bw,Rb,Pw,Qw,Bb,Qw	darkRed	0
b611bb808b8235650a1158e821fdf023	2204	Nb,Nw,Pb,Kb,Bw,Rb,Pw,Rw,Pb,,,,,,,Rw,Nw,,,,,,,Pb,Qw,,,Bb,Bb,,,Qw,Kb,,,Bb,Bb,,,Bb,Rw,,,,,,,Rb,Nb,,,,,,,Pw,Qb,Qb,Nw,Rb,Kb,Qw,Nb,Rb	darkRed	0
b6d123e6b9fe09f84471da5c559e663d	3368	Pw,Qw,Bb,Rb,Pw,Qb,Bw,Kw,Rw,,,,,,,Kb,Nb,,,,,,,Bw,Bw,,,,,,,Nb,Kb,,,,,,,Rw,Rb,,,,,,,Kw,Nw,,,,,,,Bb,Bb,Pb,Qb,Bb,Rw,Kb,Qw,Nb	lightGray	1
b95ea55219966b1002e54aebeb576b54	2467	Kb,Pb,Nw,Bb,Kw,Pw,Nb,Kb,Bw,,,,,,,Nb,Rb,,,,,,,Qw,Pb,,,Pb,Pb,,,Kw,Qb,,,Pb,Pb,,,Rw,Bb,,,,,,,Nw,Rw,,,,,,,Qb,Rb,Rb,Bw,Kw,Pw,Nw,Bb,Nb	darkGray	0
b9d370f73cd071ec00daab04a9c8503b	3444	Nb,Bw,Rb,Pb,Qb,Bb,Rw,Rw,Bw,,,,,,,Rw,Rb,,,,,,,Rw,Pw,,,Nb,Nb,,,Rw,Kw,,,Nb,Nb,,,Rw,Bb,,,,,,,Rw,Nw,,,,,,,Rw,Kw,Kw,Pw,Nb,Bw,Kb,Pb,Rw	lightRed	0
ba1cd46162edcb846fd06d1f21c9ad6e	970	Qb,Qb,Bw,Rw,Pb,Qw,Bb,Bw,Pw,,,,,,,Kw,Nb,,,,,,,Rw,Bb,,,,,,,Nw,Kw,,,,,,,Qb,Pb,,,,,,,Kb,Nw,,,,,,,Rb,Qb,Pw,Rb,Bw,Qb,Pb,Rw,Pw	lightGray	1
bb66483b00879ef79da61f6f6369ac6e	2067	Bw,Pw,Nb,Bw,Kb,Rb,Nw,Kw,Kw,,,,,,,Qb,Qb,,,,,,,Kw,Nb,,,Bb,Bb,,,Rw,Rw,,,Bb,Bb,,,Nb,Kb,,,,,,,Qw,Qw,,,,,,,Kb,Rb,Kw,Bb,Nb,Pw,Kb,Bw,Nb	darkRed	0
beb1c4bab51509532dfd39665761f01a	1396	Qb,Kb,Rb,Nb,Qw,Kw,Rw,Qw,Pb,,,,,,,Pb,Rw,,,,,,,Qb,Bw,,,,,,,Bw,Qb,,,,,,,Rb,Pw,,,,,,,Pw,Rb,,,,,,,Qw,Rw,Pw,Rb,Bb,Qw,Pb,Rw,Bb	darkRed	0
c1a001512fb0e8c481e5d0dcea6b28a3	616	Rb,Bw,Nb,Pw,Kw,Bb,Rw,Qw,Rb,,,,,,,Qw,Bw,,,,,,,Pw,Qb,,,,,,,Rw,Pb,,,,,,,Bb,Rw,,,,,,,Qb,Bb,,,,,,,Pb,Bw,Pb,Qb,Bb,Rw,Pw,Qw,Qw	darkRed	0
c3bc0b34ec829a8d458f6e1205b1bc2c	1741	Kb,Qw,Kb,Rw,Nb,Qb,Kw,Qw,Kw,,,,,,,Rw,Bb,,,,,,,Bb,Nb,,,Pb,Pb,,,Qw,Pw,,,Pb,Pb,,,Pw,Kb,,,,,,,Nb,Bw,,,,,,,Bw,Rw,Pb,Nw,Bw,Kb,Pw,Nb,Qb	lightRed	0
c598f8912ddfa4545469f1a0d17b28b6	2445	Kw,Rw,Nb,Qb,Kw,Rb,Nw,Nb,Rw,,,,,,,Pb,Kw,,,,,,,Rw,Qw,,,,,,,Bw,Nb,,,,,,,Qb,Rb,,,,,,,Pw,Kb,,,,,,,Rb,Nw,Bb,Qw,Pw,Rb,Bw,Qb,Rw	darkGray	0
c5bf37dc5e6735934a3cdbc81b752b2d	3176	Nw,Kw,Rw,Bw,Qb,Kb,Rb,Rw,Pb,,,,,,,Qb,Qb,,,,,,,Bw,Bw,,,Bw,Bw,,,Rw,Rb,,,Bw,Bw,,,Pb,Pw,,,,,,,Qw,Qw,,,,,,,Bb,Kw,Rb,Nw,Bb,Kw,Rw,Nb,Qb	lightGray	0
c5d53acaf1630d52037f0ecfca9632bb	994	Nb,Bb,Nw,Pw,Kw,Bw,Nb,Kw,Rw,,,,,,,Nw,Bb,,,,,,,Pb,Qb,,,,,,,Kw,Pb,,,,,,,Bb,Rb,,,,,,,Nb,Bw,,,,,,,Pw,Rw,Bb,Kw,Pb,Nw,Bw,Qb,Rw	darkGray	0
c5e7d47fea4ac21e03de328e5d8f4934	1860	Rw,Pb,Rw,Bb,Qw,Pw,Rb,Rw,Bb,,,,,,,Rw,Kw,,,,,,,Rw,Pw,,,,,,,Rw,Nb,,,,,,,Rw,Bw,,,,,,,Rw,Kb,,,,,,,Rw,Bb,Pw,Kw,Bw,Nb,Pb,Kb,Rw	darkGray	0
c7b6d855309516620e66e837a54378bb	3822	Rw,Rw,Bb,Qb,Pb,Rb,Bw,Kw,Bw,,,,,,,Kb,Qb,,,,,,,Pb,Pw,,,Nb,Nb,,,Nb,Rb,,,Nb,Nb,,,Bw,Bb,,,,,,,Kw,Qw,,,,,,,Pw,Nw,Rw,Nb,Qb,Kw,Rb,Nw,Rw	lightRed	0
ca2118e03449cf45bc4395bb991d7b3d	2496	Bw,Rb,Bw,Qb,Pb,Rw,Bb,Qb,Nw,,,,,,,Qw,Rb,,,,,,,Nb,Kw,,,,,,,Rw,Qb,,,,,,,Kw,Nb,,,,,,,Bb,Rw,,,,,,,Nw,Nw,Nw,Bb,Kb,Pb,Nb,Bw,Rb	darkRed	0
cb6a0db9a5f0c41c20969ffbf701a063	2031	Kw,Pb,Qb,Bw,Nb,Pw,Qw,Pw,Nw,,,,,,,Pw,Rb,,,,,,,Kw,Kw,,,Pw,Pw,,,Bw,Qb,,,Pw,Pw,,,Nb,Nb,,,,,,,Pb,Rw,,,,,,,Kb,Nb,Kw,Qb,Nb,Rw,Kb,Qw,Pw	darkGray	0
cc3babeac4a75dab3269f10ad55253bb	2819	Rw,Rw,Pb,Qw,Bb,Nb,Pw,Bb,Qw,,,,,,,Rw,Kb,,,,,,,Nb,Rb,,,,,,,Qw,Nw,,,,,,,Kb,Qb,,,,,,,Rb,Kw,,,,,,,Bw,Pw,Pb,Qb,Bw,Nb,Pw,Kw,Rw	darkGray	0
ce13f3ec651c6275986395975a5a5d70	3917	Rb,Nb,Bw,Kw,Pw,Nw,Bb,Nw,Kb,,,,,,,Qw,Pb,,,,,,,Pw,Nw,,,Rb,Rb,,,Rb,Bb,,,Rb,Rb,,,Bw,Kw,,,,,,,Qb,Pw,,,,,,,Pb,Bw,Rw,Pb,Qw,Bb,Rb,Pw,Rb	darkRed	0
d20a1eb9681b81da42a539aee12951a0	2119	Pw,Pb,Qb,Bb,Rw,Pw,Qw,Bb,Pw,,,,,,,Nb,Rb,,,,,,,Qw,Bw,,,,,,,Kw,Qb,,,,,,,Rw,Pb,,,,,,,Nw,Rw,,,,,,,Qb,Kb,Pb,Kb,Bw,Nb,Pw,Kw,Qb	darkGray	0
d28725c114ed90095d6bf20b4a45482e	3373	Qb,Pw,Rb,Bw,Qb,Pb,Rw,Pw,Qw,,,,,,,Bb,Bb,,,,,,,Qw,Rb,,,,,,,Pw,Pw,,,,,,,Rb,Qb,,,,,,,Bw,Bw,,,,,,,Qb,Bw,Kb,Pb,Nb,Bw,Kw,Pw,Qb	darkRed	0
d36552ea92cda8d4c08480faa6063290	2273	Qb,Qw,Nb,Rw,Kw,Qb,Nw,Pb,Nw,,,,,,,Nb,Pb,,,,,,,Rw,Kw,,,,,,,Kb,Bb,,,,,,,Qw,Nb,,,,,,,Kw,Pw,,,,,,,Rb,Pw,Kw,Qb,Nb,Rw,Kb,Qw,Bw	lightGray	1
d39f7802dfc11c6a59fd9203d92d3d48	2180	Qb,Nb,Pw,Kw,Bb,Nw,Pb,Bb,Pb,,,,,,,Nb,Nw,,,,,,,Bw,Qw,,,Nb,Nb,,,Kb,Kb,,,Nb,Nb,,,Pb,Rw,,,,,,,Rw,Nb,,,,,,,Bb,Bw,Rw,Nb,Bw,Kb,Pb,Nw,Kw	darkGray	0
d4db92d010127d527dba31598ef39dff	4045	Qw,Pw,Nb,Bb,Kw,Pb,Rw,Rw,Nb,,,,,,,Bw,Bw,,,,,,,Kb,Kb,,,,,,,Pw,Pb,,,,,,,Nb,Nw,,,,,,,Bb,Qb,,,,,,,Kw,Kb,Kb,Qw,Nw,Pb,Kw,Bb,Qw	lightGray	0
d7889b152a51dd5735e3c70acf7aeb78	125	Rb,Bb,Rw,Pw,Qw,Bw,Rb,Nb,Kw,,,,,,,Qb,Qb,,,,,,,Pb,Nw,,,,,,,Rw,Rb,,,,,,,Bb,Kb,,,,,,,Qw,Qw,,,,,,,Pw,Bb,Pw,Qw,Bb,Rw,Pb,Qb,Qb	lightRed	0
db33439f47847655397dd48b2fd11cce	2424	Qw,Nw,Bb,Kw,Pw,Nb,Bw,Kb,Rb,,,,,,,Pw,Bw,,,,,,,Nb,Qw,,,,,,,Bb,Pw,,,,,,,Kw,Rw,,,,,,,Pb,Bb,,,,,,,Nw,Bw,Pb,Rw,Bw,Qb,Pw,Nb,Kb	lightRed	0
dd6d883171703cd4f3e4522760a8ab45	2012	Qb,Kw,Bb,Nw,Pb,Qb,Bw,Kw,Nw,,,,,,,Bw,Qb,,,,,,,Rb,Kb,,,Qb,Qb,,,Pw,Rb,,,Qb,Qb,,,Qw,Nb,,,,,,,Bb,Bw,,,,,,,Rw,Rw,Rb,Pw,Qw,Bb,Rw,Pb,Nw	lightRed	0
de3879197515507f7fb212d484f8bd14	2183	Rw,Rw,Rw,Rw,Rw,Rw,Rw,Rw,Kw,,,,,,,Nb,Qb,,,,,,,Rw,Nb,,,Qb,Qb,,,Kw,Rw,,,Qb,Qb,,,Qb,Kb,,,,,,,Nw,Qw,,,,,,,Rb,Bb,Pb,Rw,Bb,Qw,Pw,Rb,Qb	lightRed	0
de8884daed82bdcfc8f7b86f3a46babf	1455	Nb,Kb,Qw,Nw,Rb,Kw,Qb,Rw,Qb,,,,,,,Rw,Bw,,,,,,,Kw,Rb,,,Pb,Pb,,,Qb,Pw,,,Pb,Pb,,,Nw,Qw,,,,,,,Rb,Bb,,,,,,,Kb,Bb,Kw,Rw,Nb,Bw,Kb,Rb,Qb	darkGray	0
df0c96285d8e52883449a67f020f7127	859	Rb,Qw,Kb,Rb,Nw,Qb,Kw,Pb,Rw,,,,,,,Qw,Bb,,,,,,,Kb,Qb,,,,,,,Rw,Pb,,,,,,,Nb,Rb,,,,,,,Qb,Bw,,,,,,,Kw,Kb,Bw,Rb,Pw,Qw,Bb,Rw,Kb	darkRed	0
df693b62620574872d6b76bc22dd60c1	533	Rb,Nw,Qb,Kw,Pw,Nb,Qw,Kb,Kb,,,,,,,Kw,Rb,,,,,,,Pw,Nb,,,,,,,Nb,Qw,,,,,,,Bw,Kw,,,,,,,Kb,Rw,,,,,,,Pb,Rw,Pb,Rw,Bb,Qw,Pw,Rb,Pb	darkRed	0
e0abdf78c4f29a4cc6c38d7a2cd0b2cc	2249	Pb,Rw,Bb,Qw,Pw,Rb,Bw,Bb,Kw,,,,,,,Nw,Bb,,,,,,,Qb,Nw,,,,,,,Kw,Pb,,,,,,,Rw,Kb,,,,,,,Nb,Bw,,,,,,,Qw,Qw,Kb,Pb,Nb,Bw,Kw,Pw,Qb	darkRed	0
e43be8bdf131d6aae3c2ef1c9c98000d	666	Nb,Bb,Kw,Pb,Nw,Bw,Qb,Kw,Pb,,,,,,,Qb,Rw,,,,,,,Nw,Bw,,,,,,,Rb,Qb,,,,,,,Kb,Pw,,,,,,,Qw,Rb,,,,,,,Nb,Rw,Kb,Rb,Nw,Qb,Kw,Rw,Nb	darkGray	0
e5aa9c8fe751ff4b63b092bb411fdcd1	1007	Qw,Bb,Rw,Pb,Qb,Bw,Rb,Rb,Pw,,,,,,,Qw,Rb,,,,,,,Kb,Bw,,,Pb,Pb,,,Rw,Qb,,,Pb,Pb,,,Nb,Pb,,,,,,,Qb,Rw,,,,,,,Pb,Kb,Qb,Kw,Rb,Nw,Qw,Kb,Pb	darkRed	0
e62344b478b5dd440060f3bde9a436f3	1676	Pw,Bw,Rb,Pb,Qb,Bb,Rw,Bw,Rb,,,,,,,Bw,Bw,,,,,,,Nb,Qb,,,Pb,Pb,,,Pb,Pb,,,Pb,Pb,,,Kb,Rw,,,,,,,Bb,Bb,,,,,,,Nw,Nb,Kw,Pw,Nb,Bw,Kb,Pb,Rw	lightGray	0
e62dfed43365abfa63a24c621c46cf99	3872	Pw,Rw,Bb,Qw,Pw,Nb,Bw,Qb,Kw,,,,,,,Kw,Pw,,,,,,,Pw,Nb,,,,,,,Nb,Bw,,,,,,,Bw,Kb,,,,,,,Kb,Pb,,,,,,,Pb,Pb,Kw,Rw,Nb,Qw,Kb,Rb,Bw	darkRed	0
e6afeb5fe44be6ec0c39b9ba3b0cb2a9	3429	Nw,Pb,Nw,Bw,Kb,Pw,Nb,Kw,Kb,,,,,,,Qb,Rb,,,,,,,Bw,Nw,,,Pb,Pb,,,Rw,Bb,,,Pb,Pb,,,Pb,Kw,,,,,,,Qw,Pw,,,,,,,Bb,Nw,Kw,Pw,Nw,Bb,Kb,Pb,Rb	darkRed	0
ec52586903fb8deac023c02e4ee14d03	615	Rw,Rw,Kw,Qw,Nb,Rb,Kb,Qb,Nw,,,,,,,Kb,Bb,,,,,,,Pb,Kw,,,Bw,Bw,,,Nb,Pw,,,Bw,Bw,,,Bw,Nb,,,,,,,Kw,Bw,,,,,,,Pw,Pb,Rw,Bb,Qb,Pb,Rb,Bw,Kw	darkGray	0
ecde5ef1d7f4748837377b2518d297d3	3320	Kb,Nb,Pw,Kb,Bw,Nw,Pb,Rw,Bb,,,,,,,Kb,Nw,,,,,,,Rb,Pw,,,Bw,Bw,,,Nw,Qw,,,Bw,Bw,,,Qb,Bw,,,,,,,Kw,Nb,,,,,,,Rw,Rw,Bb,Kw,Pw,Nb,Bw,Kb,Pb	lightRed	0
f0e9e37c845d3a209bce4fbe35d178c8	1289	Kw,Nw,Bb,Kb,Pb,Nb,Bw,Kw,Nb,,,,,,,Kb,Bw,,,,,,,Qw,Kb,,,,,,,Nb,Pb,,,,,,,Rw,Nw,,,,,,,Kw,Bb,,,,,,,Qb,Nw,Pw,Qw,Bb,Rw,Pb,Qb,Kw	darkRed	0
f3bd0b0574b237ab0612c5ef35e8dceb	2705	Qb,Pw,Rb,Bw,Qb,Pb,Rw,Bw,Qw,,,,,,,Nw,Kb,,,,,,,Qb,Rw,,,,,,,Kb,Nb,,,,,,,Rb,Qb,,,,,,,Nb,Kw,,,,,,,Qw,Qb,Rb,Kb,Qb,Nw,Rw,Pb,Pb	darkGray	0
f6845454b47b882d7b64ea64ccf91097	1773	Kb,Pb,Rw,Bb,Qw,Pw,Rb,Bb,Qb,,,,,,,Bw,Bw,,,,,,,Rb,Rb,,,,,,,Pb,Pw,,,,,,,Qb,Qw,,,,,,,Bb,Bb,,,,,,,Rw,Qb,Kb,Rb,Nb,Qw,Kw,Rw,Qw	lightRed	0
f8a8aa96e69fce48c65427f19abd7900	443	Rw,Qb,Bw,Rw,Pb,Qw,Bb,Rw,Kw,,,,,,,Qw,Pw,,,,,,,Pw,Nb,,,,,,,Rb,Bw,,,,,,,Bw,Kb,,,,,,,Qb,Rb,,,,,,,Pb,Pb,Kw,Rw,Nb,Qw,Kb,Rb,Rb	darkRed	0
f91fdd2768a66e709c09f7b3ad7c5de9	1573	Bb,Rw,Nb,Qb,Kw,Rb,Bw,Pw,Qb,,,,,,,Kb,Pb,,,,,,,Pb,Rw,,,Kb,Kb,,,Nb,Bb,,,Kb,Kb,,,Qw,Qw,,,,,,,Kw,Pw,,,,,,,Rw,Pw,Nw,Pb,Kw,Bb,Rb,Pw,Pb	darkRed	0
f994a645d4ab25c1037d3f03bc6f3b24	2297	Rb,Rb,Nw,Qb,Kw,Rw,Nb,Pb,Pb,,,,,,,Pw,Rw,,,,,,,Qw,Bw,,,Nb,Nb,,,Bb,Qb,,,Nb,Nb,,,Rw,Pw,,,,,,,Pb,Nb,,,,,,,Qb,Kw,Kb,Rb,Nb,Qw,Kw,Rw,Qb	lightGray	0
faa7084d8bd29efaa8664d5bf29d3dcf	2017	Qb,Qb,Pb,Rb,Bw,Qw,Pw,Qw,Pw,,,,,,,Bw,Qw,,,,,,,Rb,Bb,,,,,,,Pw,Rw,,,,,,,Qw,Pb,,,,,,,Bb,Kb,,,,,,,Rw,Kb,Bw,Nb,Pb,Kb,Bb,Nw,Qw	darkGray	0
faf1a6827b3773e35d062fc22b0cbd17	3169	Pw,Nw,Rb,Kw,Qb,Nb,Rw,Kw,Rb,,,,,,,Bb,Kb,,,,,,,Qw,Qw,,,Bb,Bb,,,Pw,Nb,,,Bb,Bb,,,Rb,Rw,,,,,,,Bw,Kw,,,,,,,Qb,Kw,Bw,Kb,Pb,Nw,Bb,Kw,Bb	lightRed	0
fb0998714dfcf3925bcbcd4cbb5d3ad8	1291	Bb,Pb,Rw,Bb,Qw,Pw,Rb,Qb,Rw,,,,,,,Bw,Bb,,,,,,,Nb,Qw,,,,,,,Pw,Pw,,,,,,,Kw,Rb,,,,,,,Bb,Bw,,,,,,,Nw,Bb,Kb,Pb,Nw,Bb,Kw,Pw,Qw	darkRed	0
fc2e981379720f36c4cb053c882bf2e4	875	Qw,Bw,Rb,Pb,Qb,Bb,Rw,Qw,Rb,,,,,,,Kw,Kb,,,,,,,Rw,Qb,,,Pb,Pb,,,Nb,Nw,,,Pb,Pb,,,Qw,Rw,,,,,,,Kb,Kw,,,,,,,Rb,Nw,Kb,Qw,Nw,Rb,Kw,Qb,Qw	lightGray	0
